direction,meilleur_score,marge,palier
DTR,0.36870548129081726,0.0836867094039917,<0.45 (article entier)
DTR,0.39753594994544983,0.013886749744415283,<0.45 (article entier)
DTR,0.2583436071872711,0.060885459184646606,<0.45 (article entier)
DTR,0.5687258243560791,0.004099428653717041,0.45-0.65 (top 3)
DTR,0.4994668960571289,0.032346516847610474,0.45-0.65 (top 3)
DTR,0.37757617235183716,0.08429116010665894,<0.45 (article entier)
DTR,0.5065362453460693,0.027701586484909058,0.45-0.65 (top 3)
DTR,0.6007169485092163,0.02263200283050537,0.45-0.65 (top 3)
DTR,0.475851833820343,0.031882405281066895,0.45-0.65 (top 3)
DTR,0.5231949090957642,0.005919277667999268,0.45-0.65 (top 3)
DTR,0.37107306718826294,0.09145796298980713,<0.45 (article entier)
DTR,0.36968615651130676,0.013561040163040161,<0.45 (article entier)
DTR,0.4269901216030121,0.01764237880706787,<0.45 (article entier)
DTR,0.5404290556907654,0.0011640191078186035,0.45-0.65 (top 3)
DTR,0.4765867292881012,0.038219958543777466,0.45-0.65 (top 3)
DTR,0.3904765248298645,0.08523941040039062,<0.45 (article entier)
DTR,0.5342094302177429,0.02189689874649048,0.45-0.65 (top 3)
DTR,0.6528934836387634,0.04083460569381714,0.65-0.75 (zone grise)
DTR,0.4674648642539978,0.03516009449958801,0.45-0.65 (top 3)
DTR,0.5661338567733765,0.001962125301361084,0.45-0.65 (top 3)
DTR,0.4181500971317291,0.06371581554412842,<0.45 (article entier)
DTR,0.37114936113357544,0.017215430736541748,<0.45 (article entier)
DTR,0.46958285570144653,0.018826425075531006,0.45-0.65 (top 3)
DTR,0.5181901454925537,0.008345246315002441,0.45-0.65 (top 3)
DTR,0.4882124662399292,0.0383724570274353,0.45-0.65 (top 3)
DTR,0.2937396466732025,0.05650728940963745,<0.45 (article entier)
DTR,0.5162561535835266,0.011811614036560059,0.45-0.65 (top 3)
DTR,0.6210852265357971,0.03229355812072754,0.45-0.65 (top 3)
DTR,0.4601558446884155,0.03726160526275635,0.45-0.65 (top 3)
DTR,0.5608417391777039,0.010641515254974365,0.45-0.65 (top 3)
DTR,0.3536531627178192,0.00571712851524353,<0.45 (article entier)
DTR,0.4587952792644501,0.05437654256820679,0.45-0.65 (top 3)
DTR,0.6035253405570984,0.022239506244659424,0.45-0.65 (top 3)
DTR,0.515635073184967,0.02692282199859619,0.45-0.65 (top 3)
DTR,0.32818084955215454,0.034064680337905884,<0.45 (article entier)
DTR,0.45235273241996765,4.079937934875488e-05,0.45-0.65 (top 3)
DTR,0.5723292231559753,0.006184637546539307,0.45-0.65 (top 3)
DTR,0.4349476397037506,0.08158797025680542,<0.45 (article entier)
DTR,0.3974055051803589,0.015603184700012207,<0.45 (article entier)
DTR,0.575240969657898,0.005457282066345215,0.45-0.65 (top 3)
DTR,0.48483386635780334,0.02133879065513611,0.45-0.65 (top 3)
DTR,0.35606488585472107,0.09011155366897583,<0.45 (article entier)
DTR,0.47038835287094116,0.002235323190689087,0.45-0.65 (top 3)
DTR,0.638832151889801,0.024135887622833252,0.45-0.65 (top 3)
DTR,0.4210399389266968,0.028936773538589478,<0.45 (article entier)
DTR,0.38208338618278503,0.011636197566986084,<0.45 (article entier)
DTR,0.4629133343696594,0.019930660724639893,0.45-0.65 (top 3)
DTR,0.5125079154968262,0.016267210245132446,0.45-0.65 (top 3)
DTR,0.28656381368637085,0.07131507992744446,<0.45 (article entier)
DTR,0.5612959265708923,0.006432294845581055,0.45-0.65 (top 3)
DTR,0.6040813326835632,0.016848504543304443,0.45-0.65 (top 3)
DTR,0.5648021697998047,0.012033045291900635,0.45-0.65 (top 3)
DTR,0.4519270062446594,0.08583387732505798,0.45-0.65 (top 3)
DTR,0.41425275802612305,0.022457480430603027,<0.45 (article entier)
DTR,0.4622518718242645,0.02092534303665161,0.45-0.65 (top 3)
DTR,0.5371636152267456,0.0036875009536743164,0.45-0.65 (top 3)
DTR,0.500280499458313,0.024100691080093384,0.45-0.65 (top 3)
DTR,0.299601674079895,0.07155799865722656,<0.45 (article entier)
DTR,0.4610867202281952,0.013864219188690186,0.45-0.65 (top 3)
DTR,0.2894841432571411,0.06216868758201599,<0.45 (article entier)
DTR,0.484817236661911,0.03897637128829956,0.45-0.65 (top 3)
DTR,0.5559341311454773,0.000630497932434082,0.45-0.65 (top 3)
DTR,0.27351507544517517,0.020099103450775146,<0.45 (article entier)
DTR,0.2983088493347168,0.030864179134368896,<0.45 (article entier)
DTR,0.39127257466316223,0.03993934392929077,<0.45 (article entier)
DTR,0.5726000070571899,0.05347084999084473,0.45-0.65 (top 3)
DTR,0.24074946343898773,0.015630051493644714,<0.45 (article entier)
DTR,0.36465856432914734,0.05011776089668274,<0.45 (article entier)
DTR,0.4393938481807709,0.0387270450592041,<0.45 (article entier)
DTR,0.30504173040390015,0.0569770485162735,<0.45 (article entier)
DTR,0.33222082257270813,0.0036696195602416992,<0.45 (article entier)
DTR,0.3900204300880432,0.015415996313095093,<0.45 (article entier)
DTR,0.5358540415763855,0.0026346445083618164,0.45-0.65 (top 3)
DTR,0.31267186999320984,0.01999559998512268,<0.45 (article entier)
DTR,0.4573861360549927,0.005664944648742676,0.45-0.65 (top 3)
DTR,0.5312449932098389,0.0014362931251525879,0.45-0.65 (top 3)
DTR,0.3051488995552063,0.053162992000579834,<0.45 (article entier)
DTR,0.31195446848869324,0.027402251958847046,<0.45 (article entier)
DTR,0.3781639337539673,0.018067240715026855,<0.45 (article entier)
DTR,0.3080253005027771,0.0004512965679168701,<0.45 (article entier)
DTR,0.5532267093658447,0.054483890533447266,0.45-0.65 (top 3)
DTR,0.20578978955745697,0.006452307105064392,<0.45 (article entier)
DJAC,0.38856416940689087,0.03661233186721802,<0.45 (article entier)
DJAC,0.42992424964904785,0.028277337551116943,<0.45 (article entier)
DJAC,0.5482362508773804,0.11125457286834717,0.45-0.65 (top 3)
DJAC,0.5564032793045044,0.14063414931297302,0.45-0.65 (top 3)
DJAC,0.23986956477165222,0.013441428542137146,<0.45 (article entier)
DJAC,0.6227465867996216,0.011453509330749512,0.45-0.65 (top 3)
DJAC,0.40398386120796204,0.038166344165802,<0.45 (article entier)
DJAC,0.4898115396499634,0.12777265906333923,0.45-0.65 (top 3)
DJAC,0.6002976298332214,0.11191213130950928,0.45-0.65 (top 3)
DJAC,0.4604134261608124,0.0911584198474884,0.45-0.65 (top 3)
DJAC,0.20167551934719086,0.018884196877479553,<0.45 (article entier)
DJAC,0.5121188759803772,0.11225634813308716,0.45-0.65 (top 3)
DJAC,0.4804617762565613,0.1111251711845398,0.45-0.65 (top 3)
DJAC,0.5523501038551331,0.09397104382514954,0.45-0.65 (top 3)
DJAC,0.5059643387794495,0.12109830975532532,0.45-0.65 (top 3)
DJAC,0.2649819254875183,0.0003885328769683838,<0.45 (article entier)
DJAC,0.5466735363006592,0.13455215096473694,0.45-0.65 (top 3)
DJAC,0.41094812750816345,0.03825032711029053,<0.45 (article entier)
DJAC,0.4226495623588562,0.026464253664016724,<0.45 (article entier)
DJAC,0.41438645124435425,0.08832371234893799,<0.45 (article entier)
DJAC,0.5726974606513977,0.1434975564479828,0.45-0.65 (top 3)
DJAC,0.2427421510219574,0.002490684390068054,<0.45 (article entier)
DJAC,0.6835244297981262,0.007391095161437988,0.65-0.75 (zone grise)
DJAC,0.4033506214618683,0.03155934810638428,<0.45 (article entier)
DJAC,0.4770313799381256,0.11241775751113892,0.45-0.65 (top 3)
DJAC,0.6848471760749817,0.060462355613708496,0.65-0.75 (zone grise)
DJAC,0.21215718984603882,0.00414411723613739,<0.45 (article entier)
DJAC,0.44514551758766174,0.03332549333572388,<0.45 (article entier)
DJAC,0.44702526926994324,0.08989045023918152,<0.45 (article entier)
DJAC,0.5998712182044983,0.0415264368057251,0.45-0.65 (top 3)
DJAC,0.4928063452243805,0.09113010764122009,0.45-0.65 (top 3)
DJAC,0.4100329577922821,0.047351717948913574,<0.45 (article entier)
DJAC,0.40050208568573,0.02348068356513977,<0.45 (article entier)
DJAC,0.4929824769496918,0.11320099234580994,0.45-0.65 (top 3)
DJAC,0.21448500454425812,0.025265514850616455,<0.45 (article entier)
DJAC,0.36588335037231445,0.01628437638282776,<0.45 (article entier)
DJAC,0.30295079946517944,0.008201390504837036,<0.45 (article entier)
DJAC,0.2665131688117981,0.012092441320419312,<0.45 (article entier)
DJAC,0.2434200793504715,0.013122513890266418,<0.45 (article entier)
DJAC,0.34223827719688416,0.005725890398025513,<0.45 (article entier)
DJAC,0.32078787684440613,0.01397395133972168,<0.45 (article entier)
DJAC,0.3195488750934601,0.02939295768737793,<0.45 (article entier)
DJAC,0.48384997248649597,0.054889798164367676,0.45-0.65 (top 3)
DJAC,0.4331813454627991,0.06054455041885376,<0.45 (article entier)
DJAC,0.2731732130050659,0.009751290082931519,<0.45 (article entier)
DJAC,0.24787573516368866,0.00421316921710968,<0.45 (article entier)
DJAC,0.38990914821624756,0.02006828784942627,<0.45 (article entier)
DJAC,0.34207311272621155,0.008924782276153564,<0.45 (article entier)
DJAC,0.22605885565280914,0.01943102478981018,<0.45 (article entier)
DJAC,0.4077067971229553,0.008754432201385498,<0.45 (article entier)
DJAC,0.33737125992774963,0.010962128639221191,<0.45 (article entier)
DJAC,0.32993245124816895,0.00942280888557434,<0.45 (article entier)
DJAC,0.3869207203388214,0.0039092302322387695,<0.45 (article entier)
DJAC,0.2251533716917038,0.01231113076210022,<0.45 (article entier)
DJAC,0.2886688709259033,0.03241467475891113,<0.45 (article entier)
DMM,0.20182828605175018,0.0024706870317459106,<0.45 (article entier)
DMM,0.6496568322181702,0.03386145830154419,0.45-0.65 (top 3)
DMM,0.3494977653026581,0.0036441683769226074,<0.45 (article entier)
DMM,0.698548436164856,0.025068938732147217,0.65-0.75 (zone grise)
DMM,0.5224794745445251,0.03610241413116455,0.45-0.65 (top 3)
DMM,0.22984027862548828,0.006220892071723938,<0.45 (article entier)
DMM,0.2678002715110779,0.0001499950885772705,<0.45 (article entier)
DMM,0.46640482544898987,0.08609709143638611,0.45-0.65 (top 3)
DMM,0.6911677718162537,0.04168742895126343,0.65-0.75 (zone grise)
DMM,0.4614022374153137,0.019062906503677368,0.45-0.65 (top 3)
DMM,0.27228179574012756,0.01631900668144226,<0.45 (article entier)
DMM,0.49838173389434814,0.02722787857055664,0.45-0.65 (top 3)
DMM,0.5600423812866211,0.024702608585357666,0.45-0.65 (top 3)
DMM,0.25123703479766846,0.027668938040733337,<0.45 (article entier)
DMM,0.17208488285541534,0.0028868764638900757,<0.45 (article entier)
DMM,0.4848071038722992,0.03095942735671997,0.45-0.65 (top 3)
DMM,0.3006855547428131,0.027594536542892456,<0.45 (article entier)
DMM,0.5212975144386292,0.013258814811706543,0.45-0.65 (top 3)
DMM,0.22890453040599823,0.01767951250076294,<0.45 (article entier)
DMM,0.25924599170684814,0.010038495063781738,<0.45 (article entier)
DMM,0.2045845091342926,0.01780305802822113,<0.45 (article entier)
DMM,0.6499621272087097,0.037729620933532715,0.45-0.65 (top 3)
DMM,0.4924132227897644,0.0345727801322937,0.45-0.65 (top 3)
DMM,0.7041083574295044,0.035041213035583496,0.65-0.75 (zone grise)
DMM,0.5089338421821594,0.02531564235687256,0.45-0.65 (top 3)
DMM,0.4767506420612335,0.0061592161655426025,0.45-0.65 (top 3)
DMM,0.25513955950737,0.012696519494056702,<0.45 (article entier)
DMM,0.540332019329071,0.05639645457267761,0.45-0.65 (top 3)
DMM,0.6388731598854065,0.029675722122192383,0.45-0.65 (top 3)
DMM,0.493573397397995,0.04352942109107971,0.45-0.65 (top 3)
DMM,0.7023227214813232,0.006982982158660889,0.65-0.75 (zone grise)
DMM,0.18982183933258057,0.00416894257068634,<0.45 (article entier)
DMM,0.2305779606103897,0.02124786376953125,<0.45 (article entier)
DMM,0.2103135734796524,0.015737995505332947,<0.45 (article entier)
DMM,0.6385461688041687,0.04234057664871216,0.45-0.65 (top 3)
DMM,0.6467825770378113,0.02690565586090088,0.45-0.65 (top 3)
DMM,0.5387610197067261,0.019769787788391113,0.45-0.65 (top 3)
DMM,0.22110380232334137,0.016348063945770264,<0.45 (article entier)
DMM,0.2164241224527359,0.010746747255325317,<0.45 (article entier)
DMM,0.4230462610721588,0.0022518932819366455,<0.45 (article entier)
DMM,0.6878983378410339,0.01939404010772705,0.65-0.75 (zone grise)
DMM,0.5310149192810059,0.030610859394073486,0.45-0.65 (top 3)
DMM,0.5980952382087708,0.0023856163024902344,0.45-0.65 (top 3)
DMM,0.24027004837989807,0.029501721262931824,<0.45 (article entier)
DMM,0.5763328671455383,0.02972567081451416,0.45-0.65 (top 3)
DMM,0.5132635235786438,0.03371039032936096,0.45-0.65 (top 3)
DMM,0.42874953150749207,0.0589030385017395,<0.45 (article entier)
DMM,0.48265743255615234,0.010164737701416016,0.45-0.65 (top 3)
DMM,0.5725314617156982,0.03494614362716675,0.45-0.65 (top 3)
DMM,0.26433050632476807,0.054571062326431274,<0.45 (article entier)
DMM,0.2685258686542511,0.010618746280670166,<0.45 (article entier)
DMM,0.2687758505344391,0.06426340341567993,<0.45 (article entier)
DMM,0.36521804332733154,0.01184701919555664,<0.45 (article entier)
DMM,0.5160528421401978,0.055756837129592896,0.45-0.65 (top 3)
DMM,0.2606443762779236,0.007136166095733643,<0.45 (article entier)
DMM,0.37159278988838196,0.004354298114776611,<0.45 (article entier)
DMM,0.37024223804473877,0.09065446257591248,<0.45 (article entier)
DMM,0.3859482705593109,0.07660797238349915,<0.45 (article entier)
DMM,0.507953405380249,0.0016770362854003906,0.45-0.65 (top 3)
DMM,0.34845641255378723,0.013064563274383545,<0.45 (article entier)
DMM,0.22775690257549286,0.0054956525564193726,<0.45 (article entier)
DMM,0.3658373951911926,0.01976865530014038,<0.45 (article entier)
DMM,0.45528391003608704,0.009874552488327026,0.45-0.65 (top 3)
DMM,0.3796028792858124,0.022787630558013916,<0.45 (article entier)
DSPCT,0.5490843653678894,0.044838666915893555,0.45-0.65 (top 3)
DSPCT,0.804277241230011,0.5449043810367584,>0.75 (tiret exact)
DSPCT,0.5039538145065308,0.0036985278129577637,0.45-0.65 (top 3)
DSPCT,0.6373549699783325,0.1341351866722107,0.45-0.65 (top 3)
DSPCT,0.5561326146125793,0.054806411266326904,0.45-0.65 (top 3)
DSPCT,0.8016536235809326,0.5047042071819305,>0.75 (tiret exact)
DSPCT,0.5193907022476196,0.02523943781852722,0.45-0.65 (top 3)
DSPCT,0.6369848251342773,0.12483322620391846,0.45-0.65 (top 3)
DSPCT,0.5386171340942383,0.03548550605773926,0.45-0.65 (top 3)
DSPCT,0.8289498686790466,0.4537571668624878,>0.75 (tiret exact)
DSPCT,0.5309894680976868,0.010728061199188232,0.45-0.65 (top 3)
DSPCT,0.6332376003265381,0.13540002703666687,0.45-0.65 (top 3)
DSPCT,0.5029743313789368,0.03261825442314148,0.45-0.65 (top 3)
DSPCT,0.5811352729797363,0.02874171733856201,0.45-0.65 (top 3)
DSPCT,0.6605842113494873,0.14092028141021729,0.65-0.75 (zone grise)
DSPCT,0.5446516871452332,0.04456925392150879,0.45-0.65 (top 3)
DSPCT,0.8292964100837708,0.4374907910823822,>0.75 (tiret exact)
DSPCT,0.5826306939125061,0.040759384632110596,0.45-0.65 (top 3)
DSPCT,0.6630312204360962,0.1274396777153015,0.65-0.75 (zone grise)
DSPCT,0.6252119541168213,0.1662420630455017,0.45-0.65 (top 3)
DSPCT,0.5805550217628479,0.0296289324760437,0.45-0.65 (top 3)
DSPCT,0.6527958512306213,0.11948752403259277,0.65-0.75 (zone grise)
DSPCT,0.5564190745353699,0.04161500930786133,0.45-0.65 (top 3)
DSPCT,0.8139116168022156,0.5205301642417908,>0.75 (tiret exact)
DSPCT,0.5217598080635071,0.00692981481552124,0.45-0.65 (top 3)
DSPCT,0.6326801776885986,0.13218587636947632,0.45-0.65 (top 3)
DSPCT,0.2720887362957001,0.06659136712551117,<0.45 (article entier)
DSPCT,0.08880584686994553,0.03165639936923981,<0.45 (article entier)
DSPCT,0.18846546113491058,0.01386059820652008,<0.45 (article entier)
DSPCT,0.21962018311023712,0.047727540135383606,<0.45 (article entier)
DSPCT,0.34549063444137573,0.02873826026916504,<0.45 (article entier)
DSPCT,0.16674257814884186,0.00016348063945770264,<0.45 (article entier)
DSPCT,0.17277903854846954,0.0334351509809494,<0.45 (article entier)
DSPCT,0.2149101346731186,0.0006058067083358765,<0.45 (article entier)
DSPCT,0.3016677796840668,0.0064272284507751465,<0.45 (article entier)
DSPCT,0.21138837933540344,0.0034282803535461426,<0.45 (article entier)
DSPCT,0.24594683945178986,0.03924493491649628,<0.45 (article entier)
DSPCT,0.15085795521736145,0.059050239622592926,<0.45 (article entier)
DSPCT,0.3327500820159912,0.04925382137298584,<0.45 (article entier)
DSPCT,0.11021260172128677,0.00560334324836731,<0.45 (article entier)
DSPCT,0.2936907410621643,0.055491119623184204,<0.45 (article entier)
DSPCT,0.19166122376918793,0.03634117543697357,<0.45 (article entier)
DSPCT,0.3697890043258667,0.0036545097827911377,<0.45 (article entier)
DSPCT,0.24484606087207794,0.01878643035888672,<0.45 (article entier)
DSPCT,0.0872006043791771,0.027816664427518845,<0.45 (article entier)
DSPCT,0.14452163875102997,0.017235830426216125,<0.45 (article entier)
DAAJJ,0.7875086665153503,0.07461792230606079,>0.75 (tiret exact)
DAAJJ,0.43713781237602234,0.013762712478637695,<0.45 (article entier)
DAAJJ,0.5341758728027344,0.009416341781616211,0.45-0.65 (top 3)
DAAJJ,0.767982542514801,0.06801426410675049,>0.75 (tiret exact)
DAAJJ,0.4825616180896759,0.014777392148971558,0.45-0.65 (top 3)
DAAJJ,0.42545297741889954,0.0015806853771209717,<0.45 (article entier)
DAAJJ,0.8227401375770569,0.06955772638320923,>0.75 (tiret exact)
DAAJJ,0.46386271715164185,0.015104562044143677,0.45-0.65 (top 3)
DAAJJ,0.5189989805221558,0.005555450916290283,0.45-0.65 (top 3)
DAAJJ,0.7187625169754028,0.00023353099822998047,0.65-0.75 (zone grise)
DAAJJ,0.4672390818595886,0.008559048175811768,0.45-0.65 (top 3)
DAAJJ,0.49414315819740295,0.018110930919647217,0.45-0.65 (top 3)
DAAJJ,0.8119685649871826,0.07108104228973389,>0.75 (tiret exact)
DAAJJ,0.4172220528125763,0.020482391119003296,<0.45 (article entier)
DAAJJ,0.5162332653999329,0.011349797248840332,0.45-0.65 (top 3)
DAAJJ,0.7999913692474365,0.06414777040481567,>0.75 (tiret exact)
DAAJJ,0.4808707535266876,0.012804478406906128,0.45-0.65 (top 3)
DAAJJ,0.8033216595649719,0.0643969178199768,>0.75 (tiret exact)
DAAJJ,0.4420906603336334,0.0021700263023376465,<0.45 (article entier)
DAAJJ,0.5311376452445984,0.007764279842376709,0.45-0.65 (top 3)
DAAJJ,0.7946402430534363,0.05814152956008911,>0.75 (tiret exact)
DAAJJ,0.5380997657775879,0.020557880401611328,0.45-0.65 (top 3)
DAAJJ,0.8225021958351135,0.07858234643936157,>0.75 (tiret exact)
DAAJJ,0.5298360586166382,0.003628671169281006,0.45-0.65 (top 3)
DAAJJ,0.491716593503952,0.020571142435073853,0.45-0.65 (top 3)
DAAJJ,0.8255636692047119,0.07823699712753296,>0.75 (tiret exact)
DAAJJ,0.43809202313423157,0.015964925289154053,<0.45 (article entier)
DAAJJ,0.5220789313316345,0.02711045742034912,0.45-0.65 (top 3)
DAAJJ,0.3752133250236511,0.0009722113609313965,<0.45 (article entier)
DAAJJ,0.4692900478839874,0.01250728964805603,0.45-0.65 (top 3)
DAAJJ,0.81577068567276,0.07610630989074707,>0.75 (tiret exact)
DAAJJ,0.5063180923461914,0.022715628147125244,0.45-0.65 (top 3)
DAAJJ,0.5369601845741272,0.017349541187286377,0.45-0.65 (top 3)
DAAJJ,0.8195467591285706,0.06571680307388306,>0.75 (tiret exact)
DAAJJ,0.48922619223594666,0.015715479850769043,0.45-0.65 (top 3)
DAAJJ,0.3139457106590271,0.0016764402389526367,<0.45 (article entier)
DAAJJ,0.29287034273147583,0.024472475051879883,<0.45 (article entier)
DAAJJ,0.13390560448169708,0.01681981235742569,<0.45 (article entier)
DAAJJ,0.2181592434644699,0.0015135258436203003,<0.45 (article entier)
DAAJJ,0.42739856243133545,0.053277283906936646,<0.45 (article entier)
DAAJJ,0.14251478016376495,0.00045342743396759033,<0.45 (article entier)
DAAJJ,0.1930045336484909,0.033805668354034424,<0.45 (article entier)
DAAJJ,0.21405138075351715,0.05635705590248108,<0.45 (article entier)
DAAJJ,0.12860937416553497,0.08411816507577896,<0.45 (article entier)
DAAJJ,0.20065847039222717,0.027264326810836792,<0.45 (article entier)
DAAJJ,0.2525104284286499,0.1156642735004425,<0.45 (article entier)
DAAJJ,0.2232799381017685,0.007381260395050049,<0.45 (article entier)
DAAJJ,0.24011072516441345,0.009892106056213379,<0.45 (article entier)
DAAJJ,0.3675491511821747,0.05069172382354736,<0.45 (article entier)
DAAJJ,0.36604997515678406,0.1137113869190216,<0.45 (article entier)
DAAJJ,0.15929731726646423,0.015956804156303406,<0.45 (article entier)
DAAJJ,0.2668459117412567,0.041188567876815796,<0.45 (article entier)
DAAJJ,0.16971418261528015,0.014797404408454895,<0.45 (article entier)
DAAJJ,0.3426295816898346,0.11600077152252197,<0.45 (article entier)
DAAJJ,0.32282963395118713,0.02427491545677185,<0.45 (article entier)
DSI,0.15766827762126923,0.025104820728302002,<0.45 (article entier)
DSI,0.3163597881793976,0.0023682117462158203,<0.45 (article entier)
DSI,0.43026140332221985,0.03157365322113037,<0.45 (article entier)
DSI,0.6056997776031494,0.011056363582611084,0.45-0.65 (top 3)
DSI,0.06854981184005737,0.004225216805934906,<0.45 (article entier)
DSI,0.3696889877319336,0.08054080605506897,<0.45 (article entier)
DSI,0.15253238379955292,0.027839332818984985,<0.45 (article entier)
DSI,0.28746944665908813,0.004606723785400391,<0.45 (article entier)
DSI,0.43697410821914673,0.04110753536224365,<0.45 (article entier)
DSI,0.11253300309181213,0.004467576742172241,<0.45 (article entier)
DSI,0.3552255928516388,0.060381799936294556,<0.45 (article entier)
DSI,0.21446675062179565,0.024437040090560913,<0.45 (article entier)
DSI,0.28697630763053894,0.0003043711185455322,<0.45 (article entier)
DSI,0.41995173692703247,0.018634110689163208,<0.45 (article entier)
DSI,0.6177662014961243,0.019041240215301514,0.45-0.65 (top 3)
DSI,0.12193837761878967,0.006859593093395233,<0.45 (article entier)
DSI,0.36316028237342834,0.06526121497154236,<0.45 (article entier)
DSI,0.18867622315883636,0.03104621171951294,<0.45 (article entier)
DSI,0.3842101991176605,0.10265365242958069,<0.45 (article entier)
DSI,0.5914027094841003,0.009189248085021973,0.45-0.65 (top 3)
DSI,0.09717023372650146,0.0004595145583152771,<0.45 (article entier)
DSI,0.33958372473716736,0.06889042258262634,<0.45 (article entier)
DSI,0.42379918694496155,0.02303612232208252,<0.45 (article entier)
DSI,0.6096324324607849,0.06727868318557739,0.45-0.65 (top 3)
DSI,0.12777818739414215,0.00024014711380004883,<0.45 (article entier)
DSI,0.3167513906955719,0.07023374736309052,<0.45 (article entier)
DSI,0.21440456807613373,0.035155028104782104,<0.45 (article entier)
DSI,0.3070453107357025,0.012137740850448608,<0.45 (article entier)
DSI,0.6327752470970154,0.03484433889389038,0.45-0.65 (top 3)
DSI,0.45995357632637024,0.22241321206092834,0.45-0.65 (top 3)
DSI,0.19769546389579773,0.04618114233016968,<0.45 (article entier)
DSI,0.3050462007522583,0.0040101706981658936,<0.45 (article entier)
DSI,0.40118077397346497,0.026029318571090698,<0.45 (article entier)
DSI,0.123988077044487,0.01778961718082428,<0.45 (article entier)
DSI,0.3293767273426056,0.056784629821777344,<0.45 (article entier)
DSI,0.4321971535682678,0.011231034994125366,<0.45 (article entier)
DSI,0.47697070240974426,0.04977521300315857,0.45-0.65 (top 3)
DSI,0.21001991629600525,0.022658750414848328,<0.45 (article entier)
DSI,0.2635026276111603,0.07235293090343475,<0.45 (article entier)
DSI,0.35358595848083496,0.02888423204421997,<0.45 (article entier)
DSI,0.27333560585975647,0.030284568667411804,<0.45 (article entier)
DSI,0.4306725263595581,0.02146017551422119,<0.45 (article entier)
DSI,0.3222631514072418,0.007301598787307739,<0.45 (article entier)
DSI,0.4968634843826294,0.03521615266799927,0.45-0.65 (top 3)
DSI,0.1918557584285736,0.023627057671546936,<0.45 (article entier)
DSI,0.5393350720405579,0.03795558214187622,0.45-0.65 (top 3)
DSI,0.1339166760444641,0.04117687791585922,<0.45 (article entier)
DSI,0.4168837368488312,0.00768694281578064,<0.45 (article entier)
DSI,0.10110949724912643,0.03931592404842377,<0.45 (article entier)
DSI,0.47771430015563965,0.05049958825111389,0.45-0.65 (top 3)
DSI,0.11456766724586487,0.01817856729030609,<0.45 (article entier)
DSI,0.3272407352924347,0.0006066858768463135,<0.45 (article entier)
DSI,0.1657719761133194,0.012906759977340698,<0.45 (article entier)
DSI,0.3453417420387268,0.02802187204360962,<0.45 (article entier)
DSI,0.15424592792987823,0.004252344369888306,<0.45 (article entier)
